﻿Regions-ID;Regionsname;Anzahl Studierende;Schweizer;Ausländer - Vorbildung in der Schweiz;Ausländer - Vorbildung im Ausland
NA;Schweiz;155448;104597;7737;37934
261-1;Universität Zürich; 26557; 21243;1343; 3971
261-2;ETH Zürich; 20807; 12852; 887; 7068
351;Universität Bern; 17222; 13720; 520; 2982
1061;Universität Luzern;  3007;  2529; 124;  354
2196;Universität Freiburg; 10366;  8378; 494; 1494
2701;Universität Basel; 13151;  9515; 711; 2925
3203;Universität St. Gallen;  9183;  6010; 496; 2677
5192;Università della Svizzera italiana;  2811;   902; 176; 1733
5586-1;Universität Lausanne; 15325; 11360;1118; 2847
5586-2;ETH Lausanne; 10785;  4476; 546; 5763
6458;Universität Neuenburg;  4066;  3062; 252;  752
6621;Universität Genf; 16988; 10550;1070; 5368
